NUM_PEDIDO,ID_PLATO
12414,12312
12415,12312
12416,12312
12417,12312
12418,12312
12419,12312
12420,12312
12421,12312
12422,12312
12423,12312
12424,12312
12425,12312
12426,12312
12427,12312
12428,12312
12429,12312
12430,12312
12431,12312
12432,12312
12433,12312
12434,12312
12435,12312
12436,12312
12437,12312
12438,12312
12439,12312
12440,12312
12441,12312
12442,12312
12443,12312
12444,12312
12445,12312
12446,12312
12447,12312
12448,12312
12449,12312
12450,12312
12451,12312
12452,12312
12453,12312
12454,12312
12455,12312
12456,12312
12457,12312
12458,12312
12459,12312
12460,12312
12461,12312
12462,12312
12463,12312
12464,12312
12465,12312
12466,12312
12467,12312
12468,12312
12469,12312
12470,12312
12471,12312
12472,12312
12473,12312
12474,12312
12475,12312
12476,12312
12477,12312
12478,12312
12479,12312
12480,12312
12481,12312
12482,12312
12483,12312
12484,12312
12485,12312
12486,12312
12487,12312
12488,12312
12489,12312
12490,12312
12491,12312
12492,12312
12493,12312
12494,12312
12495,12312
12496,12312
12497,12312
12498,12312
12499,12312
12500,12312
12501,12312
12502,12312
12503,12312
12504,12312
12505,12312
12506,12312
12507,12312
12508,12312
12509,12312
12510,12312
12511,12312
12512,12312
12513,12312
12514,12312
12515,12312
12516,12312
12517,12312
12518,12312
12519,12312
12520,12312
12521,12312
12522,12312
12523,12312
12524,12312
12525,12312
12526,12312
12527,12312
12528,12312
12529,12312
12530,12312
12531,12312
12532,12312
12533,12312
12534,12312
12535,12312
12536,12312
12537,12312
12538,12312
12539,12312
12540,12312
12541,12312
12542,12312
12543,12312
12544,12312
12545,12312
12546,12312
12547,12312
12548,12312
12549,12312
12550,12312
12551,12312
12552,12312
12553,12312
12554,12312
12555,12312
12556,12312
12557,12312
12558,12312
12559,12312
12560,12312
12561,12312
12562,12312
12563,12312
12564,12312
12565,12312
12566,12312
12567,12312
12568,12312
12569,12312
12570,12312
12571,12312
12572,12312
12573,12312
12574,12312
12575,12312
12576,12312
12577,12312
12578,12312
12579,12312
12580,12312
12581,12312
12582,12312
12583,12312
12584,12312
12585,12312
12586,12312
12587,12312
12588,12312
12589,12312
12590,12312
12591,12312
12592,12312
12593,12312
12594,12312
12595,12312
12596,12312
12597,12312
12598,12312
12599,12312
12600,12312
12601,12312
12602,12312
12603,12312
12604,12312
12605,12312
12606,12312
12607,12312
12608,12312
12609,12312
12610,12312
12611,12312
12612,12312
12613,12312
12614,12312
12615,12312
12616,12312
12617,12312
12618,12312
12619,12312
12620,12312
12621,12312
12622,12312
12623,12312
12624,12312
12625,12312
12626,12312
12627,12312
12628,12312
12629,12312
12630,12312
12631,12312
12632,12312
12633,12312
12634,12312
12635,12312
12636,12312
12637,12312
12638,12312
12639,12312
12640,12312
12641,12312
12642,12312
12643,12312
12644,12312
12645,12312
12646,12312
12647,12312
12648,12312
12649,12312
12650,12312
12651,12312
12652,12312
12653,12312
12654,12312
12655,12312
12656,12312
12657,12312
12658,12312
12659,12312
12660,12312
12661,12312
12662,12312
12663,12312
12664,12312
12665,12312
12666,12312
12667,12312
12668,12312
12669,12312
12670,12312
12671,12312
12672,12312
12673,12312
12674,12312
12675,12312
12676,12312
12677,12312
12678,12312
12679,12312
12680,12312
12681,12312
12682,12312
12683,12312
12684,12312
12685,12312
12686,12312
12687,12312
12688,12312
12689,12312
12690,12312
12691,12312
12692,12312
12693,12312
12694,12312
12695,12312
12696,12312
12697,12312
12698,12312
12699,12312
12700,12312
12701,12312
12702,12312
12703,12312
12704,12312
12705,12312
12706,12312
12707,12312
12708,12312
12709,12312
12710,12312
12711,12312
12712,12312
12713,12312
12714,12312
12715,12312
12716,12312
12717,12312
12718,12312
12719,12312
12720,12312
12721,12312
12722,12312
12723,12312
12724,12312
12725,12312
12726,12312
12727,12312
12728,12312
12729,12312
12730,12312
12731,12312
12732,12312
12733,12312
12734,12312
12735,12312
12736,12312
12737,12312
12738,12312
12739,12312
12740,12312
12741,12312
12742,12312
12743,12312
12744,12312
12745,12312
12746,12312
12747,12312
12748,12312
12749,12312
12750,12312
12751,12312
12752,12312
12753,12312
12754,12312
12755,12312
12756,12312
12757,12312
12758,12312
12759,12312
12760,12312
12761,12312
12762,12312
12763,12312
12764,12312
12765,12312
12766,12312
12767,12312
12768,12312
12769,12312
12770,12312
12771,12312
12772,12312
12773,12312
12774,12312
12775,12312
12776,12312
12777,12312
12778,12312
12779,12312
12780,12312
12781,12312
12782,12312
12783,12312
12784,12312
12785,12312
12786,12312
12787,12312
12788,12312
12789,12312
12790,12312
12791,12312
12792,12312
12793,12312
12794,12312
12795,12312
12796,12312
12797,12312
12798,12312
12799,12312
12800,12312
12801,12312
12802,12312
12803,12312
12804,12312
12805,12312
12806,12312
12807,12312
12808,12312
12809,12312
12810,12312
12811,12312
12812,12312
12813,12312
12814,12312
12815,12312
12816,12312
12817,12312
12818,12312
12819,12312
12820,12312
12821,12312
12822,12312
12823,12312
12824,12312
12825,12312
12826,12312
12827,12312
12828,12312
12829,12312
12830,12312
12831,12312
12832,12312
12833,12312
12834,12312
12835,12312
12836,12312
12837,12312
12838,12312
12839,12312
12840,12312
12841,12312
12842,12312
12843,12312
12844,12312
12845,12312
12846,12312
12847,12312
12848,12312
12849,12312
12850,12312
12851,12312
12852,12312
12853,12312
12854,12312
12855,12312
12856,12312
12857,12312
12858,12312
12859,12312
12860,12312
12861,12312
12862,12312
12863,12312
12864,12312
12865,12312
12866,12312
12867,12312
12868,12312
12869,12312
12870,12312
12871,12312
12872,12312
12873,12312
12874,12312
12875,12312
12876,12312
12877,12312
12878,12312
12879,12312
12880,12312
12881,12312
12882,12312
12883,12312
12884,12312
12885,12312
12886,12312
12887,12312
12888,12312
12889,12312
12890,12312
12891,12312
12892,12312
12893,12312
12894,12312
12895,12312
12896,12312
12897,12312
12898,12312
12899,12312
12900,12312
12901,12312
12902,12312
12903,12312
12904,12312
12905,12312
12906,12312
12907,12312
12908,12312
12909,12312
12910,12312
12911,12312
12912,12312
12913,12312
12914,12312
12915,12312
12916,12312
12917,12312
12918,12312
12919,12312
12920,12312
12921,12312
12922,12312
12923,12312
12924,12312
12925,12312
12926,12312
12927,12312
12928,12312
12929,12312
12930,12312
12931,12312
12932,12312
12933,12312
12934,12312
12935,12312
12936,12312
12937,12312
12938,12312
12939,12312
12940,12312
12941,12312
12942,12312
12943,12312
12944,12312
12945,12312
12946,12312
12947,12312
12948,12312
12949,12312
12950,12312
12951,12312
12952,12312
12953,12312
12954,12312
12955,12312
12956,12312
12957,12312
12958,12312
12959,12312
12960,12312
12961,12312
12962,12312
12963,12312
12964,12312
12965,12312
12966,12312
12967,12312
12968,12312
12969,12312
12970,12312
12971,12312
12972,12312
12973,12312
12974,12312
12975,12312
12976,12312
12977,12312
12978,12312
12979,12312
12980,12312
12981,12312
12982,12312
12983,12312
12984,12312
12985,12312
12986,12312
12987,12312
12988,12312
12989,12312
12990,12312
12991,12312
12992,12312
12993,12312
12994,12312
12995,12312
12996,12312
12997,12312
12998,12312
12999,12312
13000,12312
13001,12312
13002,12312
13003,12312
13004,12312
13005,12312
13006,12312
13007,12312
13008,12312
13009,12312
13010,12312
13011,12312
13012,12312
13013,12312
13014,12312
13015,12312
13016,12312
13017,12312
13018,12312
13019,12312
13020,12312
13021,12312
13022,12312
13023,12312
13024,12312
13025,12312
13026,12312
13027,12312
13028,12312
13029,12312
13030,12312
13031,12312
13032,12312
13033,12312
13034,12312
13035,12312
13036,12312
13037,12312
13038,12312
13039,12312
13040,12312
13041,12312
13042,12312
13043,12312
13044,12312
13045,12312
13046,12312
13047,12312
13048,12312
13049,12312
13050,12312
13051,12312
13052,12312
13053,12312
13054,12312
13055,12312
13056,12312
13057,12312
13058,12312
13059,12312
13060,12312
13061,12312
13062,12312
13063,12312
13064,12312
13065,12312
13066,12312
13067,12312
13068,12312
13069,12312
13070,12312
13071,12312
13072,12312
13073,12312
13074,12312
13075,12312
13076,12312
13077,12312
13078,12312
13079,12312
13080,12312
13081,12312
13082,12312
13083,12312
13084,12312
13085,12312
13086,12312
13087,12312
13088,12312
13089,12312
13090,12312
13091,12312
13092,12312
13093,12312
13094,12312
13095,12312
13096,12312
13097,12312
13098,12312
13099,12312
13100,12312
13101,12312
13102,12312
13103,12312
13104,12312
13105,12312
13106,12312
13107,12312
13108,12312
13109,12312
13110,12312
13111,12312
13112,12312
13113,12312
13114,12312
13115,12312
13116,12312
13117,12312
13118,12312
13119,12312
13120,12312
13121,12312
13122,12312
13123,12312
13124,12312
13125,12312
13126,12312
13127,12312
13128,12312
13129,12312
13130,12312
13131,12312
13132,12312
13133,12312
13134,12312
13135,12312
13136,12312
13137,12312
13138,12312
13139,12312
13140,12312
13141,12312
13142,12312
13143,12312
13144,12312
13145,12312
13146,12312
13147,12312
13148,12312
13149,12312
13150,12312
13151,12312
13152,12312
13153,12312
13154,12312
13155,12312
13156,12312
13157,12312
13158,12312
13159,12312
13160,12312
13161,12312
13162,12312
13163,12312
13164,12312
13165,12312
13166,12312
13167,12312
13168,12312
13169,12312
13170,12312
13171,12312
13172,12312
13173,12312
13174,12312
13175,12312
13176,12312
13177,12312
13178,12312
13179,12312
13180,12312
13181,12312
13182,12312
13183,12312
13184,12312
13185,12312
13186,12312
13187,12312
13188,12312
13189,12312
13190,12312
13191,12312
13192,12312
13193,12312
13194,12312
13195,12312
13196,12312
13197,12312
13198,12312
13199,12312
13200,12312
13201,12312
13202,12312
13203,12312
13204,12312
13205,12312
13206,12312
13207,12312
13208,12312
13209,12312
13210,12312
13211,12312
13212,12312
13213,12312
13214,12312
13215,12312
13216,12312
13217,12312
13218,12312
13219,12312
13220,12312
13221,12312
13222,12312
13223,12312
13224,12312
13225,12312
13226,12312
13227,12312
13228,12312
13229,12312
13230,12312
13231,12312
13232,12312
13233,12312
13234,12312
13235,12312
13236,12312
13237,12312
13238,12312
13239,12312
13240,12312
13241,12312
13242,12312
13243,12312
13244,12312
13245,12312
13246,12312
13247,12312
13248,12312
13249,12312
13250,12312
13251,12312
13252,12312
13253,12312
13254,12312
13255,12312
13256,12312
13257,12312
13258,12312
13259,12312
13260,12312
13261,12312
13262,12312
13263,12312
13264,12312
13265,12312
13266,12312
13267,12312
13268,12312
13269,12312
13270,12312
13271,12312
13272,12312
13273,12312
13274,12312
13275,12312
13276,12312
13277,12312
13278,12312
13279,12312
13280,12312
13281,12312
13282,12312
13283,12312
13284,12312
13285,12312
13286,12312
13287,12312
13288,12312
13289,12312
13290,12312
13291,12312
13292,12312
13293,12312
13294,12312
13295,12312
13296,12312
13297,12312
13298,12312
13299,12312
13300,12312
13301,12312
13302,12312
13303,12312
13304,12312
13305,12312
13306,12312
13307,12312
13308,12312
13309,12312
13310,12312
13311,12312
13312,12312
13313,12312
13314,12312
13315,12312
13316,12312
13317,12312
13318,12312
13319,12312
13320,12312
13321,12312
13322,12312
13323,12312
13324,12312
13325,12312
13326,12312
13327,12312
13328,12312
13329,12312
13330,12312
13331,12312
13332,12312
13333,12312
13334,12312
13335,12312
13336,12312
13337,12312
13338,12312
13339,12312
13340,12312
13341,12312
13342,12312
13343,12312
13344,12312
13345,12312
13346,12312
13347,12312
13348,12312
13349,12312
13350,12312
13351,12312
13352,12312
13353,12312
13354,12312
13355,12312
13356,12312
13357,12312
13358,12312
13359,12312
13360,12312
13361,12312
13362,12312
13363,12312
13364,12312
13365,12312
13366,12312
13367,12312
13368,12312
13369,12312
13370,12312
13371,12312
13372,12312
13373,12312
13374,12312
13375,12312
13376,12312
13377,12312
13378,12312
13379,12312
13380,12312
13381,12312
13382,12312
13383,12312
13384,12312
13385,12312
13386,12312
13387,12312
13388,12312
13389,12312
13390,12312
13391,12312
13392,12312
13393,12312
13394,12312
13395,12312
13396,12312
13397,12312
13398,12312
13399,12312
13400,12312
13401,12312
13402,12312
13403,12312
13404,12312
13405,12312
13406,12312
13407,12312
13408,12312
13409,12312
13410,12312
13411,12312
13412,12312
13413,12312
13414,12312
13415,12312
13416,12312
13417,12312
13418,12312
13419,12312
13420,12312
13421,12312
13422,12312
13423,12312
13424,12312
13425,12312
13426,12312
13427,12312
13428,12312
13429,12312
13430,12312
13431,12312
13432,12312
13433,12312
13434,12312
13435,12312
13436,12312
13437,12312
13438,12312
13439,12312
13440,12312
13441,12312
13442,12312
13443,12312
13444,12312
13445,12312
13446,12312
13447,12312
13448,12312
13449,12312
13450,12312
13451,12312
13452,12312
13453,12312
13454,12312
13455,12312
13456,12312
13457,12312
13458,12312
13459,12312
13460,12312
13461,12312
13462,12312
13463,12312
13464,12312
13465,12312
13466,12312
13467,12312
13468,12312
13469,12312
13470,12312
13471,12312
13472,12312
13473,12312
13474,12312
13475,12312
13476,12312
13477,12312
13478,12312
13479,12312
13480,12312
13481,12312
13482,12312
13483,12312
13484,12312
13485,12312
13486,12312
13487,12312
13488,12312
13489,12312
13490,12312
13491,12312
13492,12312
13493,12312
13494,12312
13495,12312
13496,12312
13497,12312
13498,12312
13499,12312
13500,12312
13501,12312
13502,12312
13503,12312
13504,12312
13505,12312
13506,12312
13507,12312
13508,12312
13509,12312
13510,12312
13511,12312
13512,12312
13513,12312
13514,12312
13515,12312
13516,12312
13517,12312
13518,12312
13519,12312
13520,12312
13521,12312
13522,12312
13523,12312
13524,12312
13525,12312
13526,12312
13527,12312
13528,12312
13529,12312
13530,12312
13531,12312
13532,12312
13533,12312
13534,12312
13535,12312
13536,12312
13537,12312
13538,12312
13539,12312
13540,12312
13541,12312
13542,12312
13543,12312
13544,12312
13545,12312
13546,12312
13547,12312
13548,12312
13549,12312
13550,12312
13551,12312
13552,12312
13553,12312
13554,12312
13555,12312
13556,12312
13557,12312
13558,12312
13559,12312
13560,12312
13561,12312
13562,12312
13563,12312
13564,12312
13565,12312
13566,12312
13567,12312
13568,12312
13569,12312
13570,12312
13571,12312
13572,12312
13573,12312
13574,12312
13575,12312
13576,12312
13577,12312
13578,12312
13579,12312
13580,12312
13581,12312
13582,12312
13583,12312
13584,12312
13585,12312
13586,12312
13587,12312
13588,12312
13589,12312
13590,12312
13591,12312
13592,12312
13593,12312
13594,12312
13595,12312
13596,12312
13597,12312
13598,12312
13599,12312
13600,12312
13601,12312
13602,12312
13603,12312
13604,12312
13605,12312
13606,12312
13607,12312
13608,12312
13609,12312
13610,12312
13611,12312
13612,12312
13613,12312
13614,12312
13615,12312
13616,12312
13617,12312
13618,12312
13619,12312
13620,12312
13621,12312
13622,12312
13623,12312
13624,12312
13625,12312
13626,12312
13627,12312
13628,12312
13629,12312
13630,12312
13631,12312
13632,12312
13633,12312
13634,12312
13635,12312
13636,12312
13637,12312
13638,12312
13639,12312
13640,12312
13641,12312
13642,12312
13643,12312
13644,12312
13645,12312
13646,12312
13647,12312
13648,12312
13649,12312
13650,12312
13651,12312
13652,12312
13653,12312
13654,12312
13655,12312
13656,12312
13657,12312
13658,12312
13659,12312
13660,12312
13661,12312
13662,12312
13663,12312
13664,12312
13665,12312
13666,12312
13667,12312
13668,12312
13669,12312
13670,12312
13671,12312
13672,12312
13673,12312
13674,12312
13675,12312
13676,12312
13677,12312
13678,12312
13679,12312
13680,12312
13681,12312
13682,12312
13683,12312
13684,12312
13685,12312
13686,12312
13687,12312
13688,12312
13689,12312
13690,12312
13691,12312
13692,12312
13693,12312
13694,12312
13695,12312
13696,12312
13697,12312
13698,12312
13699,12312
13700,12312
13701,12312
13702,12312
13703,12312
13704,12312
13705,12312
13706,12312
13707,12312
13708,12312
13709,12312
13710,12312
13711,12312
13712,12312
13713,12312
13714,12312
13715,12312
13716,12312
13717,12312
13718,12312
13719,12312
13720,12312
13721,12312
13722,12312
13723,12312
13724,12312
13725,12312
13726,12312
13727,12312
13728,12312
13729,12312
13730,12312
13731,12312
13732,12312
13733,12312
13734,12312
13735,12312
13736,12312
13737,12312
13738,12312
13739,12312
13740,12312
13741,12312
13742,12312
13743,12312
13744,12312
13745,12312
13746,12312
13747,12312
13748,12312
13749,12312
13750,12312
13751,12312
13752,12312
13753,12312
13754,12312
13755,12312
13756,12312
13757,12312
13758,12312
13759,12312
13760,12312
13761,12312
13762,12312
13763,12312
13764,12312
13765,12312
13766,12312
13767,12312
13768,12312
13769,12312
13770,12312
13771,12312
13772,12312
13773,12312
13774,12312
13775,12312
13776,12312
13777,12312
13778,12312
13779,12312
13780,12312
13781,12312
13782,12312
13783,12312
13784,12312
13785,12312
13786,12312
13787,12312
13788,12312
13789,12312
13790,12312
13791,12312
13792,12312
13793,12312
13794,12312
13795,12312
13796,12312
13797,12312
13798,12312
13799,12312
13800,12312
13801,12312
13802,12312
13803,12312
13804,12312
13805,12312
13806,12312
13807,12312
13808,12312
13809,12312
13810,12312
13811,12312
13812,12312
13813,12312
13814,12312
13815,12312
13816,12312
13817,12312
13818,12312
13819,12312
13820,12312
13821,12312
13822,12312
13823,12312
13824,12312
13825,12312
13826,12312
13827,12312
13828,12312
13829,12312
13830,12312
13831,12312
13832,12312
13833,12312
13834,12312
13835,12312
13836,12312
13837,12312
13838,12312
13839,12312
13840,12312
13841,12312
13842,12312
13843,12312
13844,12312
13845,12312
13846,12312
13847,12312
13848,12312
13849,12312
13850,12312
13851,12312
13852,12312
13853,12312
13854,12312
13855,12312
13856,12312
13857,12312
13858,12312
13859,12312
13860,12312
13861,12312
13862,12312
13863,12312
13864,12312
13865,12312
13866,12312
13867,12312
13868,12312
13869,12312
13870,12312
13871,12312
13872,12312
13873,12312
13874,12312
13875,12312
13876,12312
13877,12312
13878,12312
13879,12312
13880,12312
13881,12312
13882,12312
13883,12312
13884,12312
13885,12312
13886,12312
13887,12312
13888,12312
13889,12312
13890,12312
13891,12312
13892,12312
13893,12312
13894,12312
13895,12312
13896,12312
13897,12312
13898,12312
13899,12312
13900,12312
13901,12312
13902,12312
13903,12312
13904,12312
13905,12312
13906,12312
13907,12312
13908,12312
13909,12312
13910,12312
13911,12312
13912,12312
13913,12312
13914,12312
13915,12312
13916,12312
13917,12312
13918,12312
13919,12312
13920,12312
13921,12312
13922,12312
13923,12312
13924,12312
13925,12312
13926,12312
13927,12312
13928,12312
13929,12312
13930,12312
13931,12312
13932,12312
13933,12312
13934,12312
13935,12312
13936,12312
13937,12312
13938,12312
13939,12312
13940,12312
13941,12312
13942,12312
13943,12312
13944,12312
13945,12312
13946,12312
13947,12312
13948,12312
13949,12312
13950,12312
13951,12312
13952,12312
13953,12312
13954,12312
13955,12312
13956,12312
13957,12312
13958,12312
13959,12312
13960,12312
13961,12312
13962,12312
13963,12312
13964,12312
13965,12312
13966,12312
13967,12312
13968,12312
13969,12312
13970,12312
13971,12312
13972,12312
13973,12312
13974,12312
13975,12312
13976,12312
13977,12312
13978,12312
13979,12312
13980,12312
13981,12312
13982,12312
13983,12312
13984,12312
13985,12312
13986,12312
13987,12312
13988,12312
13989,12312
13990,12312
13991,12312
13992,12312
13993,12312
13994,12312
13995,12312
13996,12312
13997,12312
13998,12312
13999,12312
14000,12312
14001,12312
14002,12312
14003,12312
14004,12312
14005,12312
14006,12312
14007,12312
14008,12312
14009,12312
14010,12312
14011,12312
14012,12312
14013,12312
14014,12312
14015,12312
14016,12312
14017,12312
14018,12312
14019,12312
14020,12312
14021,12312
14022,12312
14023,12312
14024,12312
14025,12312
14026,12312
14027,12312
14028,12312
14029,12312
14030,12312
14031,12312
14032,12312
14033,12312
14034,12312
14035,12312
14036,12312
14037,12312
14038,12312
14039,12312
14040,12312
14041,12312
14042,12312
14043,12312
14044,12312
14045,12312
14046,12312
14047,12312
14048,12312
14049,12312
14050,12312
14051,12312
14052,12312
14053,12312
14054,12312
14055,12312
14056,12312
14057,12312
14058,12312
14059,12312
14060,12312
14061,12312
14062,12312
14063,12312
14064,12312
14065,12312
14066,12312
14067,12312
14068,12312
14069,12312
14070,12312
14071,12312
14072,12312
14073,12312
14074,12312
14075,12312
14076,12312
14077,12312
14078,12312
14079,12312
14080,12312
14081,12312
14082,12312
14083,12312
14084,12312
14085,12312
14086,12312
14087,12312
14088,12312
14089,12312
14090,12312
14091,12312
14092,12312
14093,12312
14094,12312
14095,12312
14096,12312
14097,12312
14098,12312
14099,12312
14100,12312
14101,12312
14102,12312
14103,12312
14104,12312
14105,12312
14106,12312
14107,12312
14108,12312
14109,12312
14110,12312
14111,12312
14112,12312
14113,12312
14114,12312
14115,12312
14116,12312
14117,12312
14118,12312
14119,12312
14120,12312
14121,12312
14122,12312
14123,12312
14124,12312
14125,12312
14126,12312
14127,12312
14128,12312
14129,12312
14130,12312
14131,12312
14132,12312
14133,12312
14134,12312
14135,12312
14136,12312
14137,12312
14138,12312
14139,12312
14140,12312
14141,12312
14142,12312
14143,12312
14144,12312
14145,12312
14146,12312
14147,12312
14148,12312
14149,12312
14150,12312
14151,12312
14152,12312
14153,12312
14154,12312
14155,12312
14156,12312
14157,12312
14158,12312
14159,12312
14160,12312
14161,12312
14162,12312
14163,12312
14164,12312
14165,12312
14166,12312
14167,12312
14168,12312
14169,12312
14170,12312
14171,12312
14172,12312
14173,12312
14174,12312
14175,12312
14176,12312
14177,12312
14178,12312
14179,12312
14180,12312
14181,12312
14182,12312
14183,12312
14184,12312
14185,12312
14186,12312
14187,12312
14188,12312
14189,12312
14190,12312
14191,12312
14192,12312
14193,12312
14194,12312
14195,12312
14196,12312
14197,12312
14198,12312
14199,12312
14200,12312
14201,12312
14202,12312
14203,12312
14204,12312
14205,12312
14206,12312
14207,12312
14208,12312
14209,12312
14210,12312
14211,12312
14212,12312
14213,12312
14214,12312
14215,12312
14216,12312
14217,12312
14218,12312
14219,12312
14220,12312
14221,12312
14222,12312
14223,12312
14224,12312
14225,12312
14226,12312
14227,12312
14228,12312
14229,12312
14230,12312
14231,12312
14232,12312
14233,12312
14234,12312
14235,12312
14236,12312
14237,12312
14238,12312
14239,12312
14240,12312
14241,12312
14242,12312
14243,12312
14244,12312
14245,12312
14246,12312
14247,12312
14248,12312
14249,12312
14250,12312
14251,12312
14252,12312
14253,12312
14254,12312
14255,12312
14256,12312
14257,12312
14258,12312
14259,12312
14260,12312
14261,12312
14262,12312
14263,12312
14264,12312
14265,12312
14266,12312
14267,12312
14268,12312
14269,12312
14270,12312
14271,12312
14272,12312
14273,12312
14274,12312
14275,12312
14276,12312
14277,12312
14278,12312
14279,12312
14280,12312
14281,12312
14282,12312
14283,12312
14284,12312
14285,12312
14286,12312
14287,12312
14288,12312
14289,12312
14290,12312
14291,12312
14292,12312
14293,12312
14294,12312
14295,12312
14296,12312
14297,12312
14298,12312
14299,12312
14300,12312
14301,12312
14302,12312
14303,12312
14304,12312
14305,12312
14306,12312
14307,12312
14308,12312
14309,12312
14310,12312
14311,12312
14312,12312
14313,12312
14314,12312
14315,12312
14316,12312
14317,12312
14318,12312
14319,12312
14320,12312
14321,12312
14322,12312
14323,12312
14324,12312
14325,12312
14326,12312
14327,12312
14328,12312
14329,12312
14330,12312
14331,12312
14332,12312
14333,12312
14334,12312
14335,12312
14336,12312
14337,12312
14338,12312
14339,12312
14340,12312
14341,12312
14342,12312
14343,12312
14344,12312
14345,12312
14346,12312
14347,12312
14348,12312
14349,12312
14350,12312
14351,12312
14352,12312
14353,12312
14354,12312
14355,12312
14356,12312
14357,12312
14358,12312
14359,12312
14360,12312
14361,12312
14362,12312
14363,12312
14364,12312
14365,12312
14366,12312
14367,12312
14368,12312
14369,12312
14370,12312
14371,12312
14372,12312
14373,12312
14374,12312
14375,12312
14376,12312
14377,12312
14378,12312
14379,12312
14380,12312
14381,12312
14382,12312
14383,12312
14384,12312
14385,12312
14386,12312
14387,12312
14388,12312
14389,12312
14390,12312
14391,12312
14392,12312
14393,12312
14394,12312
14395,12312
14396,12312
14397,12312
14398,12312
14399,12312
14400,12312
14401,12312
14402,12312
14403,12312
14404,12312
14405,12312
14406,12312
14407,12312
14408,12312
14409,12312
14410,12312
14411,12312
14412,12312
14413,12312
14414,12312
14415,12312
14416,12312
14417,12312
14418,12312
14419,12312
14420,12312
14421,12312
14422,12312
14423,12312
14424,12312
14425,12312
14426,12312
14427,12312
14428,12312
14429,12312
14430,12312
14431,12312
14432,12312
14433,12312
14434,12312
14435,12312
14436,12312
14437,12312
14438,12312
14439,12312
14440,12312
14441,12312
14442,12312
14443,12312
14444,12312
14445,12312
14446,12312
14447,12312
14448,12312
14449,12312
14450,12312
14451,12312
14452,12312
14453,12312
14454,12312
14455,12312
14456,12312
14457,12312
14458,12312
14459,12312
14460,12312
14461,12312
14462,12312
14463,12312
14464,12312
14465,12312
14466,12312
14467,12312
14468,12312
14469,12312
14470,12312
14471,12312
14472,12312
14473,12312
14474,12312
14475,12312
14476,12312
14477,12312
14478,12312
14479,12312
14480,12312
14481,12312
14482,12312
14483,12312
14484,12312
14485,12312
14486,12312
14487,12312
14488,12312
14489,12312
14490,12312
14491,12312
14492,12312
14493,12312
14494,12312
14495,12312
14496,12312
14497,12312
14498,12312
14499,12312
14500,12312
14501,12312
14502,12312
14503,12312
14504,12312
14505,12312
14506,12312
14507,12312
14508,12312
14509,12312
14510,12312
14511,12312
14512,12312
14513,12312
14514,12312
14515,12312
14516,12312
14517,12312
14518,12312
14519,12312
14520,12312
14521,12312
14522,12312
14523,12312
14524,12312
14525,12312
14526,12312
14527,12312
14528,12312
14529,12312
14530,12312
14531,12312
14532,12312
14533,12312
14534,12312
14535,12312
14536,12312
14537,12312
14538,12312
14539,12312
14540,12312
14541,12312
14542,12312
14543,12312
14544,12312
14545,12312
14546,12312
14547,12312
14548,12312
14549,12312
14550,12312
14551,12312
14552,12312
14553,12312
14554,12312
14555,12312
14556,12312
14557,12312
14558,12312
14559,12312
14560,12312
14561,12312
14562,12312
14563,12312
14564,12312
14565,12312
14566,12312
14567,12312
14568,12312
14569,12312
14570,12312
14571,12312
14572,12312
14573,12312
14574,12312
14575,12312
14576,12312
14577,12312
14578,12312
14579,12312
14580,12312
14581,12312
14582,12312
14583,12312
14584,12312
14585,12312
14586,12312
14587,12312
14588,12312
14589,12312
14590,12312
14591,12312
14592,12312
14593,12312
14594,12312
14595,12312
14596,12312
14597,12312
14598,12312
14599,12312
14600,12312
14601,12312
14602,12312
14603,12312
14604,12312
14605,12312
14606,12312
14607,12312
14608,12312
14609,12312
14610,12312
14611,12312
14612,12312
14613,12312
14614,12312
14615,12312
14616,12312
14617,12312
14618,12312
14619,12312
14620,12312
14621,12312
14622,12312
14623,12312
14624,12312
14625,12312
14626,12312
14627,12312
14628,12312
14629,12312
14630,12312
14631,12312
14632,12312
14633,12312
14634,12312
14635,12312
14636,12312
14637,12312
14638,12312
14639,12312
14640,12312
14641,12312
14642,12312
14643,12312
14644,12312
14645,12312
14646,12312
14647,12312
14648,12312
14649,12312
14650,12312
14651,12312
14652,12312
14653,12312
14654,12312
14655,12312
14656,12312
14657,12312
14658,12312
14659,12312
14660,12312
14661,12312
14662,12312
14663,12312
14664,12312
14665,12312
14666,12312
14667,12312
14668,12312
14669,12312
14670,12312
14671,12312
14672,12312
14673,12312
14674,12312
14675,12312
14676,12312
14677,12312
14678,12312
14679,12312
14680,12312
14681,12312
14682,12312
14683,12312
14684,12312
14685,12312
14686,12312
14687,12312
14688,12312
14689,12312
14690,12312
14691,12312
14692,12312
14693,12312
14694,12312
14695,12312
14696,12312
14697,12312
14698,12312
14699,12312
14700,12312
14701,12312
14702,12312
14703,12312
14704,12312
14705,12312
14706,12312
14707,12312
14708,12312
14709,12312
14710,12312
14711,12312
14712,12312
14713,12312
14714,12312
14715,12312
14716,12312
14717,12312
14718,12312
14719,12312
14720,12312
14721,12312
14722,12312
14723,12312
14724,12312
14725,12312
14726,12312
14727,12312
14728,12312
14729,12312
14730,12312
14731,12312
14732,12312
14733,12312
14734,12312
14735,12312
14736,12312
14737,12312
14738,12312
14739,12312
14740,12312
14741,12312
14742,12312
14743,12312
14744,12312
14745,12312
14746,12312
14747,12312
14748,12312
14749,12312
14750,12312
14751,12312
14752,12312
14753,12312
14754,12312
14755,12312
14756,12312
14757,12312
14758,12312
14759,12312
14760,12312
14761,12312
14762,12312
14763,12312
14764,12312
14765,12312
14766,12312
14767,12312
14768,12312
14769,12312
14770,12312
14771,12312
14772,12312
14773,12312
14774,12312
14775,12312
14776,12312
14777,12312
14778,12312
14779,12312
14780,12312
14781,12312
14782,12312
14783,12312
14784,12312
14785,12312
14786,12312
14787,12312
14788,12312
14789,12312
14790,12312
14791,12312
14792,12312
14793,12312
14794,12312
14795,12312
14796,12312
14797,12312
14798,12312
14799,12312
14800,12312
14801,12312
14802,12312
14803,12312
14804,12312
14805,12312
14806,12312
14807,12312
14808,12312
14809,12312
14810,12312
14811,12312
14812,12312
14813,12312
14814,12312
14815,12312
14816,12312
14817,12312
14818,12312
14819,12312
14820,12312
14821,12312
14822,12312
14823,12312
14824,12312
14825,12312
14826,12312
14827,12312
14828,12312
14829,12312
14830,12312
14831,12312
14832,12312
14833,12312
14834,12312
14835,12312
14836,12312
14837,12312
14838,12312
14839,12312
14840,12312
14841,12312
14842,12312
14843,12312
14844,12312
14845,12312
14846,12312
14847,12312
14848,12312
14849,12312
14850,12312
14851,12312
14852,12312
14853,12312
14854,12312
14855,12312
14856,12312
14857,12312
14858,12312
14859,12312
14860,12312
14861,12312
14862,12312
14863,12312
14864,12312
14865,12312
14866,12312
14867,12312
14868,12312
14869,12312
14870,12312
14871,12312
14872,12312
14873,12312
14874,12312
14875,12312
14876,12312
14877,12312
14878,12312
14879,12312
14880,12312
14881,12312
14882,12312
14883,12312
14884,12312
14885,12312
14886,12312
14887,12312
14888,12312
14889,12312
14890,12312
14891,12312
14892,12312
14893,12312
14894,12312
14895,12312
14896,12312
14897,12312
14898,12312
14899,12312
14900,12312
14901,12312
14902,12312
14903,12312
14904,12312
14905,12312
14906,12312
14907,12312
14908,12312
14909,12312
14910,12312
14911,12312
14912,12312
14913,12312
14914,12312
14915,12312
14916,12312
14917,12312
14918,12312
14919,12312
14920,12312
14921,12312
14922,12312
14923,12312
14924,12312
14925,12312
14926,12312
14927,12312
14928,12312
14929,12312
14930,12312
14931,12312
14932,12312
14933,12312
14934,12312
14935,12312
14936,12312
14937,12312
14938,12312
14939,12312
14940,12312
14941,12312
14942,12312
14943,12312
14944,12312
14945,12312
14946,12312
14947,12312
14948,12312
14949,12312
14950,12312
14951,12312
14952,12312
14953,12312
14954,12312
14955,12312
14956,12312
14957,12312
14958,12312
14959,12312
14960,12312
14961,12312
14962,12312
14963,12312
14964,12312
14965,12312
14966,12312
14967,12312
14968,12312
14969,12312
14970,12312
14971,12312
14972,12312
14973,12312
14974,12312
14975,12312
14976,12312
14977,12312
14978,12312
14979,12312
14980,12312
14981,12312
14982,12312
14983,12312
14984,12312
14985,12312
14986,12312
14987,12312
14988,12312
14989,12312
14990,12312
14991,12312
14992,12312
14993,12312
14994,12312
14995,12312
14996,12312
14997,12312
14998,12312
14999,12312
15000,12312
15001,12312
15002,12312
15003,12312
15004,12312
15005,12312
15006,12312
15007,12312
15008,12312
15009,12312
15010,12312
15011,12312
15012,12312
15013,12312
15014,12312
15015,12312
15016,12312
15017,12312
15018,12312
15019,12312
15020,12312
15021,12312
15022,12312
15023,12312
15024,12312
15025,12312
15026,12312
15027,12312
15028,12312
15029,12312
15030,12312
15031,12312
15032,12312
15033,12312
15034,12312
15035,12312
15036,12312
15037,12312
15038,12312
15039,12312
15040,12312
15041,12312
15042,12312
15043,12312
15044,12312
15045,12312
15046,12312
15047,12312
15048,12312
15049,12312
15050,12312
15051,12312
15052,12312
15053,12312
15054,12312
15055,12312
15056,12312
15057,12312
15058,12312
15059,12312
15060,12312
15061,12312
15062,12312
15063,12312
15064,12312
15065,12312
15066,12312
15067,12312
15068,12312
15069,12312
15070,12312
15071,12312
15072,12312
15073,12312
15074,12312
15075,12312
15076,12312
15077,12312
15078,12312
15079,12312
15080,12312
15081,12312
15082,12312
15083,12312
15084,12312
15085,12312
15086,12312
15087,12312
15088,12312
15089,12312
15090,12312
15091,12312
15092,12312
15093,12312
15094,12312
15095,12312
15096,12312
15097,12312
15098,12312
15099,12312
15100,12312
15101,12312
15102,12312
15103,12312
15104,12312
15105,12312
15106,12312
15107,12312
15108,12312
15109,12312
15110,12312
15111,12312
15112,12312
15113,12312
15114,12312
15115,12312
15116,12312
15117,12312
15118,12312
15119,12312
15120,12312
15121,12312
15122,12312
15123,12312
15124,12312
15125,12312
15126,12312
15127,12312
15128,12312
15129,12312
15130,12312
15131,12312
15132,12312
15133,12312
15134,12312
15135,12312
15136,12312
15137,12312
15138,12312
15139,12312
15140,12312
15141,12312
15142,12312
15143,12312
15144,12312
15145,12312
15146,12312
15147,12312
15148,12312
15149,12312
15150,12312
15151,12312
15152,12312
15153,12312
15154,12312
15155,12312
15156,12312
15157,12312
15158,12312
15159,12312
15160,12312
15161,12312
15162,12312
15163,12312
15164,12312
15165,12312
15166,12312
15167,12312
15168,12312
15169,12312
15170,12312
15171,12312
15172,12312
15173,12312
15174,12312
15175,12312
15176,12312
15177,12312
15178,12312
15179,12312
15180,12312
15181,12312
15182,12312
15183,12312
15184,12312
15185,12312
15186,12312
15187,12312
15188,12312
15189,12312
15190,12312
15191,12312
15192,12312
15193,12312
15194,12312
15195,12312
15196,12312
15197,12312
15198,12312
15199,12312
15200,12312
15201,12312
15202,12312
15203,12312
15204,12312
15205,12312
15206,12312
15207,12312
15208,12312
15209,12312
15210,12312
15211,12312
15212,12312
15213,12312
15214,12312
15215,12312
15216,12312
15217,12312
15218,12312
15219,12312
15220,12312
15221,12312
15222,12312
15223,12312
15224,12312
15225,12312
15226,12312
15227,12312
15228,12312
15229,12312
15230,12312
15231,12312
15232,12312
15233,12312
15234,12312
15235,12312
15236,12312
15237,12312
15238,12312
15239,12312
15240,12312
15241,12312
15242,12312
15243,12312
15244,12312
15245,12312
15246,12312
15247,12312
15248,12312
15249,12312
15250,12312
15251,12312
15252,12312
15253,12312
15254,12312
15255,12312
15256,12312
15257,12312
15258,12312
15259,12312
15260,12312
15261,12312
15262,12312
15263,12312
15264,12312
15265,12312
15266,12312
15267,12312
15268,12312
15269,12312
15270,12312
15271,12312
15272,12312
15273,12312
15274,12312
15275,12312
15276,12312
15277,12312
15278,12312
15279,12312
15280,12312
15281,12312
15282,12312
15283,12312
15284,12312
15285,12312
15286,12312
15287,12312
15288,12312
15289,12312
15290,12312
15291,12312
15292,12312
15293,12312
15294,12312
15295,12312
15296,12312
15297,12312
15298,12312
15299,12312
15300,12312
15301,12312
15302,12312
15303,12312
15304,12312
15305,12312
15306,12312
15307,12312
15308,12312
15309,12312
15310,12312
15311,12312
15312,12312
15313,12312
15314,12312
15315,12312
15316,12312
15317,12312
15318,12312
15319,12312
15320,12312
15321,12312
15322,12312
15323,12312
15324,12312
15325,12312
15326,12312
15327,12312
15328,12312
15329,12312
15330,12312
15331,12312
15332,12312
15333,12312
15334,12312
15335,12312
15336,12312
15337,12312
15338,12312
15339,12312
15340,12312
15341,12312
15342,12312
15343,12312
15344,12312
15345,12312
15346,12312
15347,12312
15348,12312
15349,12312
15350,12312
15351,12312
15352,12312
15353,12312
15354,12312
15355,12312
15356,12312
15357,12312
15358,12312
15359,12312
15360,12312
15361,12312
15362,12312
15363,12312
15364,12312
15365,12312
15366,12312
15367,12312
15368,12312
15369,12312
15370,12312
15371,12312
15372,12312
15373,12312
15374,12312
15375,12312
15376,12312
15377,12312
15378,12312
15379,12312
15380,12312
15381,12312
15382,12312
15383,12312
15384,12312
15385,12312
15386,12312
15387,12312
15388,12312
15389,12312
15390,12312
15391,12312
15392,12312
15393,12312
15394,12312
15395,12312
15396,12312
15397,12312
15398,12312
15399,12312
15400,12312
15401,12312
15402,12312
15403,12312
15404,12312
15405,12312
15406,12312
15407,12312
15408,12312
15409,12312
15410,12312
15411,12312
15412,12312
15413,12312
15414,12312
15415,12312
15416,12312
15417,12312
15418,12312
15419,12312
15420,12312
15421,12312
15422,12312
15423,12312
15424,12312
15425,12312
15426,12312
15427,12312
15428,12312
15429,12312
15430,12312
15431,12312
15432,12312
15433,12312
15434,12312
15435,12312
15436,12312
15437,12312
15438,12312
15439,12312
15440,12312
15441,12312
15442,12312
15443,12312
15444,12312
15445,12312
15446,12312
15447,12312
15448,12312
15449,12312
15450,12312
15451,12312
15452,12312
15453,12312
15454,12312
15455,12312
15456,12312
15457,12312
15458,12312
15459,12312
15460,12312
15461,12312
15462,12312
15463,12312
15464,12312
15465,12312
15466,12312
15467,12312
15468,12312
15469,12312
15470,12312
15471,12312
15472,12312
15473,12312
15474,12312
15475,12312
15476,12312
15477,12312
15478,12312
15479,12312
15480,12312
15481,12312
15482,12312
15483,12312
15484,12312
15485,12312
15486,12312
15487,12312
15488,12312
15489,12312
15490,12312
15491,12312
15492,12312
15493,12312
15494,12312
15495,12312
15496,12312
15497,12312
15498,12312
15499,12312
15500,12312
15501,12312
15502,12312
15503,12312
15504,12312
15505,12312
15506,12312
15507,12312
15508,12312
15509,12312
15510,12312
15511,12312
15512,12312
15513,12312
15514,12312
15515,12312
15516,12312
15517,12312
15518,12312
15519,12312
15520,12312
15521,12312
15522,12312
15523,12312
15524,12312
15525,12312
15526,12312
15527,12312
15528,12312
15529,12312
15530,12312
15531,12312
15532,12312
15533,12312
15534,12312
15535,12312
15536,12312
15537,12312
15538,12312
15539,12312
15540,12312
15541,12312
15542,12312
15543,12312
15544,12312
15545,12312
15546,12312
15547,12312
15548,12312
15549,12312
15550,12312
15551,12312
15552,12312
15553,12312
15554,12312
15555,12312
15556,12312
15557,12312
15558,12312
15559,12312
15560,12312
15561,12312
15562,12312
15563,12312
15564,12312
15565,12312
15566,12312
15567,12312
15568,12312
15569,12312
15570,12312
15571,12312
15572,12312
15573,12312
15574,12312
15575,12312
15576,12312
15577,12312
15578,12312
15579,12312
15580,12312
15581,12312
15582,12312
15583,12312
15584,12312
15585,12312
15586,12312
15587,12312
15588,12312
15589,12312
15590,12312
15591,12312
15592,12312
15593,12312
15594,12312
15595,12312
15596,12312
15597,12312
15598,12312
15599,12312
15600,12312
15601,12312
15602,12312
15603,12312
15604,12312
15605,12312
15606,12312
15607,12312
15608,12312
15609,12312
15610,12312
15611,12312
15612,12312
15613,12312
15614,12312
15615,12312
15616,12312
15617,12312
15618,12312
15619,12312
15620,12312
15621,12312
15622,12312
15623,12312
15624,12312
15625,12312
15626,12312
15627,12312
15628,12312
15629,12312
15630,12312
15631,12312
15632,12312
15633,12312
15634,12312
15635,12312
15636,12312
15637,12312
15638,12312
15639,12312
15640,12312
15641,12312
15642,12312
15643,12312
15644,12312
15645,12312
15646,12312
15647,12312
15648,12312
15649,12312
15650,12312
15651,12312
15652,12312
15653,12312
15654,12312
15655,12312
15656,12312
15657,12312
15658,12312
15659,12312
15660,12312
15661,12312
15662,12312
15663,12312
15664,12312
15665,12312
15666,12312
15667,12312
15668,12312
15669,12312
15670,12312
15671,12312
15672,12312
15673,12312
15674,12312
15675,12312
15676,12312
15677,12312
15678,12312
15679,12312
15680,12312
15681,12312
15682,12312
15683,12312
15684,12312
15685,12312
15686,12312
15687,12312
15688,12312
15689,12312
15690,12312
15691,12312
15692,12312
15693,12312
15694,12312
15695,12312
15696,12312
15697,12312
15698,12312
15699,12312
15700,12312
15701,12312
15702,12312
15703,12312
15704,12312
15705,12312
15706,12312
15707,12312
15708,12312
15709,12312
15710,12312
15711,12312
15712,12312
15713,12312
15714,12312
15715,12312
15716,12312
15717,12312
15718,12312
15719,12312
15720,12312
15721,12312
15722,12312
15723,12312
15724,12312
15725,12312
15726,12312
15727,12312
15728,12312
15729,12312
15730,12312
15731,12312
15732,12312
15733,12312
15734,12312
15735,12312
15736,12312
15737,12312
15738,12312
15739,12312
15740,12312
15741,12312
15742,12312
15743,12312
15744,12312
15745,12312
15746,12312
15747,12312
15748,12312
15749,12312
15750,12312
15751,12312
15752,12312
15753,12312
15754,12312
15755,12312
15756,12312
15757,12312
15758,12312
15759,12312
15760,12312
15761,12312
15762,12312
15763,12312
15764,12312
15765,12312
15766,12312
15767,12312
15768,12312
15769,12312
15770,12312
15771,12312
15772,12312
15773,12312
15774,12312
15775,12312
15776,12312
15777,12312
15778,12312
15779,12312
15780,12312
15781,12312
15782,12312
15783,12312
15784,12312
15785,12312
15786,12312
15787,12312
15788,12312
15789,12312
15790,12312
15791,12312
15792,12312
15793,12312
15794,12312
15795,12312
15796,12312
15797,12312
15798,12312
15799,12312
15800,12312
15801,12312
15802,12312
15803,12312
15804,12312
15805,12312
15806,12312
15807,12312
15808,12312
15809,12312
15810,12312
15811,12312
15812,12312
15813,12312
15814,12312
15815,12312
15816,12312
15817,12312
15818,12312
15819,12312
15820,12312
15821,12312
15822,12312
15823,12312
15824,12312
15825,12312
15826,12312
15827,12312
15828,12312
15829,12312
15830,12312
15831,12312
15832,12312
15833,12312
15834,12312
15835,12312
15836,12312
15837,12312
15838,12312
15839,12312
15840,12312
15841,12312
15842,12312
15843,12312
15844,12312
15845,12312
15846,12312
15847,12312
15848,12312
15849,12312
15850,12312
15851,12312
15852,12312
15853,12312
15854,12312
15855,12312
15856,12312
15857,12312
15858,12312
15859,12312
15860,12312
15861,12312
15862,12312
15863,12312
15864,12312
15865,12312
15866,12312
15867,12312
15868,12312
15869,12312
15870,12312
15871,12312
15872,12312
15873,12312
15874,12312
15875,12312
15876,12312
15877,12312
15878,12312
15879,12312
15880,12312
15881,12312
15882,12312
15883,12312
15884,12312
15885,12312
15886,12312
15887,12312
15888,12312
15889,12312
15890,12312
15891,12312
15892,12312
15893,12312
15894,12312
15895,12312
15896,12312
15897,12312
15898,12312
15899,12312
15900,12312
15901,12312
15902,12312
15903,12312
15904,12312
15905,12312
15906,12312
15907,12312
15908,12312
15909,12312
15910,12312
15911,12312
15912,12312
15913,12312
15914,12312
15915,12312
15916,12312
15917,12312
15918,12312
15919,12312
15920,12312
15921,12312
15922,12312
15923,12312
15924,12312
15925,12312
15926,12312
15927,12312
15928,12312
15929,12312
15930,12312
15931,12312
15932,12312
15933,12312
15934,12312
15935,12312
15936,12312
15937,12312
15938,12312
15939,12312
15940,12312
15941,12312
15942,12312
15943,12312
15944,12312
15945,12312
15946,12312
15947,12312
15948,12312
15949,12312
15950,12312
15951,12312
15952,12312
15953,12312
15954,12312
15955,12312
15956,12312
15957,12312
15958,12312
15959,12312
15960,12312
15961,12312
15962,12312
15963,12312
15964,12312
15965,12312
15966,12312
15967,12312
15968,12312
15969,12312
15970,12312
15971,12312
15972,12312
15973,12312
15974,12312
15975,12312
15976,12312
15977,12312
15978,12312
15979,12312
15980,12312
15981,12312
15982,12312
15983,12312
15984,12312
15985,12312
15986,12312
15987,12312
15988,12312
15989,12312
15990,12312
15991,12312
15992,12312
15993,12312
15994,12312
15995,12312
15996,12312
15997,12312
15998,12312
15999,12312
16000,12312
16001,12312
16002,12312
16003,12312
16004,12312
16005,12312
16006,12312
16007,12312
16008,12312
16009,12312
16010,12312
16011,12312
16012,12312
16013,12312
16014,12312
16015,12312
16016,12312
16017,12312
16018,12312
16019,12312
16020,12312
16021,12312
16022,12312
16023,12312
16024,12312
16025,12312
16026,12312
16027,12312
16028,12312
16029,12312
16030,12312
16031,12312
16032,12312
16033,12312
16034,12312
16035,12312
16036,12312
16037,12312
16038,12312
16039,12312
16040,12312
16041,12312
16042,12312
16043,12312
16044,12312
16045,12312
16046,12312
16047,12312
16048,12312
16049,12312
16050,12312
16051,12312
16052,12312
16053,12312
16054,12312
16055,12312
16056,12312
16057,12312
16058,12312
16059,12312
16060,12312
16061,12312
16062,12312
16063,12312
16064,12312
16065,12312
16066,12312
16067,12312
16068,12312
16069,12312
16070,12312
16071,12312
16072,12312
16073,12312
16074,12312
16075,12312
16076,12312
16077,12312
16078,12312
16079,12312
16080,12312
16081,12312
16082,12312
16083,12312
16084,12312
16085,12312
16086,12312
16087,12312
16088,12312
16089,12312
16090,12312
16091,12312
16092,12312
16093,12312
16094,12312
16095,12312
16096,12312
16097,12312
16098,12312
16099,12312
16100,12312
16101,12312
16102,12312
16103,12312
16104,12312
16105,12312
16106,12312
16107,12312
16108,12312
16109,12312
16110,12312
16111,12312
16112,12312
16113,12312
16114,12312
16115,12312
16116,12312
16117,12312
16118,12312
16119,12312
16120,12312
16121,12312
16122,12312
16123,12312
16124,12312
16125,12312
16126,12312
16127,12312
16128,12312
16129,12312
16130,12312
16131,12312
16132,12312
16133,12312
16134,12312
16135,12312
16136,12312
16137,12312
16138,12312
16139,12312
16140,12312
16141,12312
16142,12312
16143,12312
16144,12312
16145,12312
16146,12312
16147,12312
16148,12312
16149,12312
16150,12312
16151,12312
16152,12312
16153,12312
16154,12312
16155,12312
16156,12312
16157,12312
16158,12312
16159,12312
16160,12312
16161,12312
16162,12312
16163,12312
16164,12312
16165,12312
16166,12312
16167,12312
16168,12312
16169,12312
16170,12312
16171,12312
16172,12312
16173,12312
16174,12312
16175,12312
16176,12312
16177,12312
16178,12312
16179,12312
16180,12312
16181,12312
16182,12312
16183,12312
16184,12312
16185,12312
16186,12312
16187,12312
16188,12312
16189,12312
16190,12312
16191,12312
16192,12312
16193,12312
16194,12312
16195,12312
16196,12312
16197,12312
16198,12312
16199,12312
16200,12312
16201,12312
16202,12312
16203,12312
16204,12312
16205,12312
16206,12312
16207,12312
16208,12312
16209,12312
16210,12312
16211,12312
16212,12312
16213,12312
16214,12312
16215,12312
16216,12312
16217,12312
16218,12312
16219,12312
16220,12312
16221,12312
16222,12312
16223,12312
16224,12312
16225,12312
16226,12312
16227,12312
16228,12312
16229,12312
16230,12312
16231,12312
16232,12312
16233,12312
16234,12312
16235,12312
16236,12312
16237,12312
16238,12312
16239,12312
16240,12312
16241,12312
16242,12312
16243,12312
16244,12312
16245,12312
16246,12312
16247,12312
16248,12312
16249,12312
16250,12312
16251,12312
16252,12312
16253,12312
16254,12312
16255,12312
16256,12312
16257,12312
16258,12312
16259,12312
16260,12312
16261,12312
16262,12312
16263,12312
16264,12312
16265,12312
16266,12312
16267,12312
16268,12312
16269,12312
16270,12312
16271,12312
16272,12312
16273,12312
16274,12312
16275,12312
16276,12312
16277,12312
16278,12312
16279,12312
16280,12312
16281,12312
16282,12312
16283,12312
16284,12312
16285,12312
16286,12312
16287,12312
16288,12312
16289,12312
16290,12312
16291,12312
16292,12312
16293,12312
16294,12312
16295,12312
16296,12312
16297,12312
16298,12312
16299,12312
16300,12312
16301,12312
16302,12312
16303,12312
16304,12312
16305,12312
16306,12312
16307,12312
16308,12312
16309,12312
16310,12312
16311,12312
16312,12312
16313,12312
16314,12312
16315,12312
16316,12312
16317,12312
16318,12312
16319,12312
16320,12312
16321,12312
16322,12312
16323,12312
16324,12312
16325,12312
16326,12312
16327,12312
16328,12312
16329,12312
16330,12312
16331,12312
16332,12312
16333,12312
16334,12312
16335,12312
16336,12312
16337,12312
16338,12312
16339,12312
16340,12312
16341,12312
16342,12312
16343,12312
16344,12312
16345,12312
16346,12312
16347,12312
16348,12312
16349,12312
16350,12312
16351,12312
16352,12312
16353,12312
16354,12312
16355,12312
16356,12312
16357,12312
16358,12312
16359,12312
16360,12312
16361,12312
16362,12312
16363,12312
16364,12312
16365,12312
16366,12312
16367,12312
16368,12312
16369,12312
16370,12312
16371,12312
16372,12312
16373,12312
16374,12312
16375,12312
16376,12312
16377,12312
16378,12312
16379,12312
16380,12312
16381,12312
16382,12312
16383,12312
16384,12312
16385,12312
16386,12312
16387,12312
16388,12312
16389,12312
16390,12312
16391,12312
16392,12312
16393,12312
16394,12312
16395,12312
16396,12312
16397,12312
16398,12312
16399,12312
16400,12312
16401,12312
16402,12312
16403,12312
16404,12312
16405,12312
16406,12312
16407,12312
16408,12312
16409,12312
16410,12312
16411,12312
16412,12312
16413,12312
16414,12312
16415,12312
16416,12312
16417,12312
16418,12312
16419,12312
16420,12312
16421,12312
16422,12312
16423,12312
16424,12312
16425,12312
16426,12312
16427,12312
16428,12312
16429,12312
16430,12312
16431,12312
16432,12312
16433,12312
16434,12312
16435,12312
16436,12312
16437,12312
16438,12312
16439,12312
16440,12312
16441,12312
16442,12312
16443,12312
16444,12312
16445,12312
16446,12312
16447,12312
16448,12312
16449,12312
16450,12312
16451,12312
16452,12312
16453,12312
16454,12312
16455,12312
16456,12312
16457,12312
16458,12312
16459,12312
16460,12312
16461,12312
16462,12312
16463,12312
16464,12312
16465,12312
16466,12312
16467,12312
16468,12312
16469,12312
16470,12312
16471,12312
16472,12312
16473,12312
16474,12312
16475,12312
16476,12312
16477,12312
16478,12312
16479,12312
16480,12312
16481,12312
16482,12312
16483,12312
16484,12312
16485,12312
16486,12312
16487,12312
16488,12312
16489,12312
16490,12312
16491,12312
16492,12312
16493,12312
16494,12312
16495,12312
16496,12312
16497,12312
16498,12312
16499,12312
16500,12312
16501,12312
16502,12312
16503,12312
16504,12312
16505,12312
16506,12312
16507,12312
16508,12312
16509,12312
16510,12312
16511,12312
16512,12312
16513,12312
16514,12312
16515,12312
16516,12312
16517,12312
16518,12312
16519,12312
16520,12312
16521,12312
16522,12312
16523,12312
16524,12312
16525,12312
16526,12312
16527,12312
16528,12312
16529,12312
16530,12312
16531,12312
16532,12312
16533,12312
16534,12312
16535,12312
16536,12312
16537,12312
16538,12312
16539,12312
16540,12312
16541,12312
16542,12312
16543,12312
16544,12312
16545,12312
16546,12312
16547,12312
16548,12312
16549,12312
16550,12312
16551,12312
16552,12312
16553,12312
16554,12312
16555,12312
16556,12312
16557,12312
16558,12312
16559,12312
16560,12312
16561,12312
16562,12312
16563,12312
16564,12312
16565,12312
16566,12312
16567,12312
16568,12312
16569,12312
16570,12312
16571,12312
16572,12312
16573,12312
16574,12312
16575,12312
16576,12312
16577,12312
16578,12312
16579,12312
16580,12312
16581,12312
16582,12312
16583,12312
16584,12312
16585,12312
16586,12312
16587,12312
16588,12312
16589,12312
16590,12312
16591,12312
16592,12312
16593,12312
16594,12312
16595,12312
16596,12312
16597,12312
16598,12312
16599,12312
16600,12312
16601,12312
16602,12312
16603,12312
16604,12312
16605,12312
16606,12312
16607,12312
16608,12312
16609,12312
16610,12312
16611,12312
16612,12312
16613,12312
16614,12312
16615,12312
16616,12312
16617,12312
16618,12312
16619,12312
16620,12312
16621,12312
16622,12312
16623,12312
16624,12312
16625,12312
16626,12312
16627,12312
16628,12312
16629,12312
16630,12312
16631,12312
16632,12312
16633,12312
16634,12312
16635,12312
16636,12312
16637,12312
16638,12312
16639,12312
16640,12312
16641,12312
16642,12312
16643,12312
16644,12312
16645,12312
16646,12312
16647,12312
16648,12312
16649,12312
16650,12312
16651,12312
16652,12312
16653,12312
16654,12312
16655,12312
16656,12312
16657,12312
16658,12312
16659,12312
16660,12312
16661,12312
16662,12312
16663,12312
16664,12312
16665,12312
16666,12312
16667,12312
16668,12312
16669,12312
16670,12312
16671,12312
16672,12312
16673,12312
16674,12312
16675,12312
16676,12312
16677,12312
16678,12312
16679,12312
16680,12312
16681,12312
16682,12312
16683,12312
16684,12312
16685,12312
16686,12312
16687,12312
16688,12312
16689,12312
16690,12312
16691,12312
16692,12312
16693,12312
16694,12312
16695,12312
16696,12312
16697,12312
16698,12312
16699,12312
16700,12312
16701,12312
16702,12312
16703,12312
16704,12312
16705,12312
16706,12312
16707,12312
16708,12312
16709,12312
16710,12312
16711,12312
16712,12312
16713,12312
16714,12312
16715,12312
16716,12312
16717,12312
16718,12312
16719,12312
16720,12312
16721,12312
16722,12312
16723,12312
16724,12312
16725,12312
16726,12312
16727,12312
16728,12312
16729,12312
16730,12312
16731,12312
16732,12312
16733,12312
16734,12312
16735,12312
16736,12312
16737,12312
16738,12312
16739,12312
16740,12312
16741,12312
16742,12312
16743,12312
16744,12312
16745,12312
16746,12312
16747,12312
16748,12312
16749,12312
16750,12312
16751,12312
16752,12312
16753,12312
16754,12312
16755,12312
16756,12312
16757,12312
16758,12312
16759,12312
16760,12312
16761,12312
16762,12312
16763,12312
16764,12312
16765,12312
16766,12312
16767,12312
16768,12312
16769,12312
16770,12312
16771,12312
16772,12312
16773,12312
16774,12312
16775,12312
16776,12312
16777,12312
16778,12312
16779,12312
16780,12312
16781,12312
16782,12312
16783,12312
16784,12312
16785,12312
16786,12312
16787,12312
16788,12312
16789,12312
16790,12312
16791,12312
16792,12312
16793,12312
16794,12312
16795,12312
16796,12312
16797,12312
16798,12312
16799,12312
16800,12312
16801,12312
16802,12312
16803,12312
16804,12312
16805,12312
16806,12312
16807,12312
16808,12312
16809,12312
16810,12312
16811,12312
16812,12312
16813,12312
16814,12312
16815,12312
16816,12312
16817,12312
16818,12312
16819,12312
16820,12312
16821,12312
16822,12312
16823,12312
16824,12312
16825,12312
16826,12312
16827,12312
16828,12312
16829,12312
16830,12312
16831,12312
16832,12312
16833,12312
16834,12312
16835,12312
16836,12312
16837,12312
16838,12312
16839,12312
16840,12312
16841,12312
16842,12312
16843,12312
16844,12312
16845,12312
16846,12312
16847,12312
16848,12312
16849,12312
16850,12312
16851,12312
16852,12312
16853,12312
16854,12312
16855,12312
16856,12312
16857,12312
16858,12312
16859,12312
16860,12312
16861,12312
16862,12312
16863,12312
16864,12312
16865,12312
16866,12312
16867,12312
16868,12312
16869,12312
16870,12312
16871,12312
16872,12312
16873,12312
16874,12312
16875,12312
16876,12312
16877,12312
16878,12312
16879,12312
16880,12312
16881,12312
16882,12312
16883,12312
16884,12312
16885,12312
16886,12312
16887,12312
16888,12312
16889,12312
16890,12312
16891,12312
16892,12312
16893,12312
16894,12312
16895,12312
16896,12312
16897,12312
16898,12312
16899,12312
16900,12312
16901,12312
16902,12312
16903,12312
16904,12312
16905,12312
16906,12312
16907,12312
16908,12312
16909,12312
16910,12312
16911,12312
16912,12312
16913,12312
16914,12312
16915,12312
16916,12312
16917,12312
16918,12312
16919,12312
16920,12312
16921,12312
16922,12312
16923,12312
16924,12312
16925,12312
16926,12312
16927,12312
16928,12312
16929,12312
16930,12312
16931,12312
16932,12312
16933,12312
16934,12312
16935,12312
16936,12312
16937,12312
16938,12312
16939,12312
16940,12312
16941,12312
16942,12312
16943,12312
16944,12312
16945,12312
16946,12312
16947,12312
16948,12312
16949,12312
16950,12312
16951,12312
16952,12312
16953,12312
16954,12312
16955,12312
16956,12312
16957,12312
16958,12312
16959,12312
16960,12312
16961,12312
16962,12312
16963,12312
16964,12312
16965,12312
16966,12312
16967,12312
16968,12312
16969,12312
16970,12312
16971,12312
16972,12312
16973,12312
16974,12312
16975,12312
16976,12312
16977,12312
16978,12312
16979,12312
16980,12312
16981,12312
16982,12312
16983,12312
16984,12312
16985,12312
16986,12312
16987,12312
16988,12312
16989,12312
16990,12312
16991,12312
16992,12312
16993,12312
16994,12312
16995,12312
16996,12312
16997,12312
16998,12312
16999,12312
17000,12312
17001,12312
17002,12312
17003,12312
17004,12312
17005,12312
17006,12312
17007,12312
17008,12312
17009,12312
17010,12312
17011,12312
17012,12312
17013,12312
17014,12312
17015,12312
17016,12312
17017,12312
17018,12312
17019,12312
17020,12312
17021,12312
17022,12312
17023,12312
17024,12312
17025,12312
17026,12312
17027,12312
17028,12312
17029,12312
17030,12312
17031,12312
17032,12312
17033,12312
17034,12312
17035,12312
17036,12312
17037,12312
17038,12312
17039,12312
17040,12312
17041,12312
17042,12312
17043,12312
17044,12312
17045,12312
17046,12312
17047,12312
17048,12312
17049,12312
17050,12312
17051,12312
17052,12312
17053,12312
17054,12312
17055,12312
17056,12312
17057,12312
17058,12312
17059,12312
17060,12312
17061,12312
17062,12312
17063,12312
17064,12312
17065,12312
17066,12312
17067,12312
17068,12312
17069,12312
17070,12312
17071,12312
17072,12312
17073,12312
17074,12312
17075,12312
17076,12312
17077,12312
17078,12312
17079,12312
17080,12312
17081,12312
17082,12312
17083,12312
17084,12312
17085,12312
17086,12312
17087,12312
17088,12312
17089,12312
17090,12312
17091,12312
17092,12312
17093,12312
17094,12312
17095,12312
17096,12312
17097,12312
17098,12312
17099,12312
17100,12312
17101,12312
17102,12312
17103,12312
17104,12312
17105,12312
17106,12312
17107,12312
17108,12312
17109,12312
17110,12312
17111,12312
17112,12312
17113,12312
17114,12312
17115,12312
17116,12312
17117,12312
17118,12312
17119,12312
17120,12312
17121,12312
17122,12312
17123,12312
17124,12312
17125,12312
17126,12312
17127,12312
17128,12312
17129,12312
17130,12312
17131,12312
17132,12312
17133,12312
17134,12312
17135,12312
17136,12312
17137,12312
17138,12312
17139,12312
17140,12312
17141,12312
17142,12312
17143,12312
17144,12312
17145,12312
17146,12312
17147,12312
17148,12312
17149,12312
17150,12312
17151,12312
17152,12312
17153,12312
17154,12312
17155,12312
17156,12312
17157,12312
17158,12312
17159,12312
17160,12312
17161,12312
17162,12312
17163,12312
17164,12312
17165,12312
17166,12312
17167,12312
17168,12312
17169,12312
17170,12312
17171,12312
17172,12312
17173,12312
17174,12312
17175,12312
17176,12312
17177,12312
17178,12312
17179,12312
17180,12312
17181,12312
17182,12312
17183,12312
17184,12312
17185,12312
17186,12312
17187,12312
17188,12312
17189,12312
17190,12312
17191,12312
17192,12312
17193,12312
17194,12312
17195,12312
17196,12312
17197,12312
17198,12312
17199,12312
17200,12312
17201,12312
17202,12312
17203,12312
17204,12312
17205,12312
17206,12312
17207,12312
17208,12312
17209,12312
17210,12312
17211,12312
17212,12312
17213,12312
17214,12312
17215,12312
17216,12312
17217,12312
17218,12312
17219,12312
17220,12312
17221,12312
17222,12312
17223,12312
17224,12312
17225,12312
17226,12312
17227,12312
17228,12312
17229,12312
17230,12312
17231,12312
17232,12312
17233,12312
17234,12312
17235,12312
17236,12312
17237,12312
17238,12312
17239,12312
17240,12312
17241,12312
17242,12312
17243,12312
17244,12312
17245,12312
17246,12312
17247,12312
17248,12312
17249,12312
17250,12312
17251,12312
17252,12312
17253,12312
17254,12312
17255,12312
17256,12312
17257,12312
17258,12312
17259,12312
17260,12312
17261,12312
17262,12312
17263,12312
17264,12312
17265,12312
17266,12312
17267,12312
17268,12312
17269,12312
17270,12312
17271,12312
17272,12312
17273,12312
17274,12312
17275,12312
17276,12312
17277,12312
17278,12312
17279,12312
17280,12312
17281,12312
17282,12312
17283,12312
17284,12312
17285,12312
17286,12312
17287,12312
17288,12312
17289,12312
17290,12312
17291,12312
17292,12312
17293,12312
17294,12312
17295,12312
17296,12312
17297,12312
17298,12312
17299,12312
17300,12312
17301,12312
17302,12312
17303,12312
17304,12312
17305,12312
17306,12312
17307,12312
17308,12312
17309,12312
17310,12312
17311,12312
17312,12312
17313,12312
17314,12312
17315,12312
17316,12312
17317,12312
17318,12312
17319,12312
17320,12312
17321,12312
17322,12312
17323,12312
17324,12312
17325,12312
17326,12312
17327,12312
17328,12312
17329,12312
17330,12312
17331,12312
17332,12312
17333,12312
17334,12312
17335,12312
17336,12312
17337,12312
17338,12312
17339,12312
17340,12312
17341,12312
17342,12312
17343,12312
17344,12312
17345,12312
17346,12312
17347,12312
17348,12312
17349,12312
17350,12312
17351,12312
17352,12312
17353,12312
17354,12312
17355,12312
17356,12312
17357,12312
17358,12312
17359,12312
17360,12312
17361,12312
17362,12312
17363,12312
17364,12312
17365,12312
17366,12312
17367,12312
17368,12312
17369,12312
17370,12312
17371,12312
17372,12312
17373,12312
17374,12312
17375,12312
17376,12312
17377,12312
17378,12312
17379,12312
17380,12312
17381,12312
17382,12312
17383,12312
17384,12312
17385,12312
17386,12312
17387,12312
17388,12312
17389,12312
17390,12312
17391,12312
17392,12312
17393,12312
17394,12312
17395,12312
17396,12312
17397,12312
17398,12312
17399,12312
17400,12312
17401,12312
17402,12312
17403,12312
17404,12312
17405,12312
17406,12312
17407,12312
17408,12312
17409,12312
17410,12312
17411,12312
17412,12312
17413,12312
